client_id;registration_date;Life_time;scoring_program;annual_contract
CL2016958;2016-05-23;2048;250;1395948
CL2012567;2012-11-30;3318;338;1205038
CL2016968;2016-07-06;2004;202;1120356
CL20171117;2017-11-09;1513;144;1001386
CL2016976;2016-08-25;1954;142;784636
CL20191258;2019-02-07;1058;81;740406
CL20211763;2021-11-19;42;18;665523
CL2011399;2011-10-04;3741;216;636649
CL2012559;2012-10-31;3348;193;625864
CL2014739;2014-05-28;2774;156;598559
CL2013688;2013-11-27;2956;162;582642
CL2013630;2013-04-30;3167;174;582553
CL2013692;2013-12-16;2937;152;539713
CL20171127;2017-12-13;1479;84;537922
CL2012480;2012-06-12;3489;168;500012
CL2014702;2014-01-14;2908;139;486197
CL2010228;2010-09-30;4110;186;469300
CL20171090;2017-08-21;1593;73;429692
CL20211602;2021-02-08;326;23;423964
CL2011337;2011-05-27;3871;155;404278
CL2011396;2011-09-28;3747;149;397747
CL2015858;2015-06-15;2391;97;389761
CL2015829;2015-03-11;2487;100;385258
CL2011308;2011-03-25;3934;149;374322
CL2011386;2011-09-08;3767;138;361376
CL2011292;2011-02-18;3969;146;360904
CL2016984;2016-09-27;1921;75;356401
CL2012522;2012-09-03;3406;125;352059
CL200881;2008-09-24;4846;171;344722
CL2012542;2012-10-08;3371;121;340145
CL200870;2008-08-01;4900;169;332476
CL2016940;2016-04-07;2094;75;320109
CL2014715;2014-02-24;2867;97;312179
CL200715;2007-05-16;5343;175;312155
CL20181237;2018-11-22;1135;44;309028
CL20201421;2020-03-12;659;28;292757
CL20201431;2020-04-07;633;27;289557
CL2015826;2015-03-06;2492;81;287269
CL20181142;2018-01-17;1444;50;285837
CL2014738;2014-05-23;2779;89;284475
CL200735;2007-11-07;5168;158;282047
CL20181137;2018-01-09;1452;50;279780
CL20201405;2020-02-19;681;27;277269
CL2012560;2012-11-08;3340;102;270405
CL20191298;2019-06-04;941;33;262744
CL2012456;2012-03-21;3572;106;262038
CL20191285;2019-04-18;988;35;259631
CL20191367;2019-11-22;770;28;249609
CL20201575;2020-12-14;382;17;240375
CL2016933;2016-03-17;2115;61;240322
CL20171068;2017-06-05;1670;50;239849
CL2012467;2012-05-11;3521;96;234978
CL2013582;2013-01-17;3270;89;233723
CL20201468;2020-07-23;526;20;225993
CL2015895;2015-10-26;2258;62;224880
CL200727;2007-09-10;5226;133;223094
CL2016993;2016-11-03;1884;52;221812
CL20181185;2018-05-21;1320;39;221276
CL200743;2007-12-16;5129;127;214315
CL20171046;2017-03-16;1751;47;209301
CL20171076;2017-07-10;1635;43;206127
CL2010180;2010-03-22;4302;101;199147
CL2009148;2009-11-26;4418;103;198575
CL20191300;2019-06-17;928;26;189901
CL20201482;2020-08-24;494;16;189624
CL20171075;2017-07-07;1638;41;189312
CL2016932;2016-03-10;2122;51;188725
CL2009109;2009-06-16;4581;102;185942
CL2011426;2011-12-29;3655;82;184394
CL2012491;2012-06-21;3480;78;183242
CL20211693;2021-07-27;157;9;182101
CL200846;2008-02-11;5072;110;179988
CL2013665;2013-08-26;3049;68;178590
CL2012463;2012-04-25;3537;78;178283
CL2015872;2015-07-24;2352;53;177156
CL2011371;2011-08-04;3802;83;177056
CL2013676;2013-10-10;3004;66;175078
CL2012554;2012-10-25;3354;73;174148
CL2011340;2011-06-03;3864;83;173872
CL20181201;2018-07-18;1262;31;172592
CL2011368;2011-07-27;3810;79;166777
CL20181242;2018-12-20;1107;27;165436
CL20181206;2018-08-20;1229;29;164745
CL2014762;2014-08-22;2688;57;164634
CL20191273;2019-03-18;1019;25;162261
CL20171062;2017-05-11;1695;38;161774
CL20181170;2018-04-17;1354;31;160179
CL2015875;2015-08-04;2341;49;159678
CL20211630;2021-03-18;288;11;158504
CL20211681;2021-07-16;168;8;158083
CL2011285;2011-02-06;3981;80;157340
CL2010184;2010-03-26;4298;85;156589
CL2012570;2012-12-13;3305;67;155943
CL2011342;2011-06-08;3859;76;153879
CL2014764;2014-08-27;2683;55;153500
CL20201454;2020-06-12;567;15;151046
CL20181145;2018-01-25;1436;31;150555
CL2012568;2012-12-04;3314;65;148885
CL2012547;2012-10-15;3364;65;148683
CL2011398;2011-10-03;3742;71;144943
CL2010250;2010-11-11;4068;76;143335
CL2011425;2011-12-26;3658;68;142768
CL200849;2008-03-02;5052;92;141676
CL20181213;2018-08-29;1220;26;140080
CL2013579;2013-01-07;3280;61;139974
CL20191365;2019-11-20;772;18;139919
CL20201401;2020-02-14;686;17;139732
CL2011357;2011-07-04;3833;71;139670
CL2015908;2015-12-28;2195;41;135056
CL20201571;2020-12-02;394;11;134304
CL20171089;2017-08-08;1606;31;134200
CL20181140;2018-01-10;1451;29;133649
CL2016986;2016-10-03;1915;36;133398
CL2009129;2009-09-04;4501;79;132910
CL20201422;2020-03-12;659;16;132498
CL20171013;2017-01-12;1814;35;131873
CL2013697;2013-12-30;2923;52;129970
CL2013698;2013-12-30;2923;52;129265
CL20211590;2021-01-13;352;10;129179
CL20181188;2018-05-30;1311;26;129146
CL2015809;2015-01-17;2540;46;128476
CL2011276;2011-01-31;3987;69;128267
CL2013589;2013-02-01;3255;57;127552
CL20211757;2021-11-17;44;5;127365
CL20191287;2019-04-25;981;20;126567
CL20211706;2021-08-17;136;7;124489
CL20211618;2021-03-02;304;9;124054
CL2016956;2016-05-12;2059;37;123896
CL20181190;2018-06-28;1282;24;122145
CL20191276;2019-03-20;1017;20;122123
CL2014731;2014-05-14;2788;48;122079
CL20201402;2020-02-17;683;15;122017
CL200880;2008-09-18;4852;80;121100
CL20171047;2017-03-16;1751;32;120665
CL20201581;2020-12-21;375;10;120401
CL20171097;2017-09-20;1563;29;119484
CL2014753;2014-07-18;2723;46;117907
CL2010164;2010-01-25;4358;71;117108
CL2014788;2014-11-14;2604;44;116543
CL20201491;2020-09-02;485;12;116429
CL20201457;2020-06-22;557;13;115547
CL2015856;2015-06-03;2403;40;114960
CL2016964;2016-06-28;2012;34;114244
CL2009138;2009-10-14;4461;70;113195
CL20171081;2017-07-17;1628;28;113082
CL20191364;2019-11-18;774;16;112459
CL20171016;2017-01-30;1796;30;111183
CL2013599;2013-02-26;3230;51;110796
CL20191338;2019-10-01;822;16;110403
CL2015887;2015-09-18;2296;38;110310
CL20191305;2019-07-02;913;17;110004
CL2015841;2015-03-17;2481;40;109638
CL20191363;2019-11-13;779;15;109357
CL20201544;2020-10-23;434;10;107147
CL20191254;2019-02-04;1061;19;106294
CL20201553;2020-11-05;421;10;105994
CL20201449;2020-05-29;581;12;105755
CL20201442;2020-05-20;590;12;105630
CL2010248;2010-11-09;4070;61;105315
CL2011287;2011-02-13;3974;60;104613
CL20191368;2019-11-25;767;15;103708
CL20181187;2018-05-28;1313;22;103689
CL200726;2007-08-22;5245;77;102949
CL2016941;2016-04-07;2094;33;102673
CL2012525;2012-09-10;3399;51;102000
CL20201453;2020-06-05;574;12;101519
CL20181149;2018-02-02;1428;23;100888
CL2014798;2014-12-10;2578;39;100437
CL2013666;2013-08-29;3046;45;100344
CL2010267;2010-12-30;4019;59;100108
CL2016999;2016-11-24;1863;29;99987
CL2009126;2009-08-13;4523;65;99924
CL20211644;2021-04-20;255;7;99503
CL2011418;2011-12-05;3679;54;99500
CL20201450;2020-05-29;581;12;99040
CL20181196;2018-07-06;1274;21;97972
CL2013607;2013-03-04;3224;47;97444
CL2012531;2012-09-18;3391;49;96942
CL20191360;2019-11-08;784;14;95844
CL2015816;2015-02-04;2522;37;95622
CL2016917;2016-01-27;2165;32;95316
CL2011354;2011-06-21;3846;54;95133
CL2013689;2013-12-02;2951;42;94913
CL2016939;2016-04-06;2095;31;93210
CL2011268;2011-01-11;4007;55;92910
CL2012492;2012-06-25;3476;48;92475
CL2011372;2011-08-09;3797;52;92384
CL2016931;2016-03-09;2123;31;91790
CL2011345;2011-06-10;3857;53;91764
CL20201387;2020-01-16;715;13;91563
CL2010175;2010-03-04;4320;59;91220
CL2013695;2013-12-19;2934;41;91104
CL20181229;2018-10-10;1178;19;91048
CL20191259;2019-02-11;1054;17;90937
CL2015882;2015-09-11;2303;32;89091
CL2014727;2014-04-16;2816;39;88567
CL2009154;2009-12-07;4407;59;88448
CL20181136;2018-01-03;1458;22;88009
CL20211659;2021-05-20;225;6;87833
CL20181223;2018-09-21;1197;18;87696
CL2011393;2011-09-26;3749;49;86496
CL2014721;2014-03-17;2846;38;86354
CL2013690;2013-12-13;2940;39;86073
CL20201543;2020-10-22;435;9;85098
CL2012460;2012-04-12;3550;46;84889
CL2013655;2013-07-01;3105;41;84856
CL2014799;2014-12-11;2577;35;84679
CL20201558;2020-11-11;415;8;84213
CL2013636;2013-05-02;3165;41;83005
CL2014758;2014-08-07;2703;35;82855
CL20201576;2020-12-14;382;8;82372
CL20181179;2018-05-14;1327;19;82246
CL200866;2008-07-23;4909;61;81886
CL20191337;2019-09-25;828;13;81793
CL20171058;2017-04-20;1716;23;80996
CL2012533;2012-09-20;3389;43;80978
CL2016989;2016-10-10;1908;26;80967
CL20191342;2019-10-11;812;13;80959
CL2010176;2010-03-11;4313;54;80948
CL20181211;2018-08-28;1221;18;80748
CL20171118;2017-11-09;1513;21;80600
CL20171094;2017-09-13;1570;22;80550
CL2015878;2015-08-13;2332;30;80254
CL20201494;2020-09-14;473;9;80146
CL200995;2009-01-15;4733;58;79857
CL20201536;2020-10-15;442;8;79839
CL20211601;2021-02-05;329;7;79751
CL20201476;2020-07-29;520;9;79351
CL2015853;2015-05-06;2431;31;78824
CL20211594;2021-01-22;343;7;78774
CL2011307;2011-03-23;3936;48;77845
CL20201441;2020-05-18;592;10;77640
CL20211754;2021-11-11;50;4;77269
CL20191350;2019-10-18;805;12;77142
CL20171103;2017-09-29;1554;21;76879
CL2009144;2009-11-17;4427;53;76788
CL2016990;2016-10-10;1908;25;76748
CL20201565;2020-11-20;406;8;76609
CL20171060;2017-05-04;1702;22;76505
CL2011281;2011-02-01;3986;48;76293
CL20181203;2018-07-30;1250;17;75939
CL20211723;2021-09-18;104;4;75770
CL20211612;2021-02-22;312;7;75450
CL2011269;2011-01-11;4007;47;74907
CL2013603;2013-02-27;3229;40;74746
CL20201419;2020-03-09;662;10;74562
CL2012514;2012-08-16;3424;41;74561
CL2012546;2012-10-10;3369;40;74314
CL2016978;2016-09-01;1947;24;74309
CL20201546;2020-10-26;431;8;74261
CL20201486;2020-08-27;491;9;74111
CL20211704;2021-08-13;140;5;73506
CL2009145;2009-11-24;4420;51;73397
CL20201577;2020-12-15;381;7;73261
CL2012526;2012-09-10;3399;40;72992
CL20211773;2021-12-20;11;3;72912
CL2011375;2011-08-18;3788;44;72860
CL2011394;2011-09-26;3749;43;72531
CL2012576;2012-12-27;3291;38;72395
CL2012488;2012-06-20;3481;41;72347
CL20181193;2018-07-02;1278;17;72022
CL2012462;2012-04-18;3544;41;72012
CL2014781;2014-10-30;2619;31;71992
CL2011389;2011-09-14;3761;43;71936
CL20171031;2017-02-17;1778;22;71798
CL20171017;2017-01-30;1796;22;71770
CL2012437;2012-01-30;3623;42;71512
CL20181155;2018-02-28;1402;18;71302
CL200890;2008-11-19;4790;55;71249
CL20171096;2017-09-14;1569;20;70848
CL20211746;2021-10-20;72;4;70722
CL2014725;2014-04-01;2831;33;70218
CL20211699;2021-08-02;151;5;70169
CL20181241;2018-12-11;1116;15;69715
CL2011306;2011-03-21;3938;44;69609
CL2012558;2012-10-30;3349;38;69502
CL20211768;2021-12-10;21;3;69426
CL20171043;2017-03-13;1754;21;69367
CL20211597;2021-01-29;336;6;69341
CL2014769;2014-09-08;2671;31;69252
CL2013629;2013-04-27;3170;36;69146
CL2016974;2016-08-11;1968;23;68762
CL20181143;2018-01-18;1443;18;68538
CL2011366;2011-07-26;3811;42;68444
CL2016962;2016-06-13;2027;24;68346
CL20201456;2020-06-19;560;9;68088
CL20211634;2021-03-23;283;6;67915
CL2016972;2016-08-02;1977;23;67863
CL2012448;2012-02-23;3599;40;67580
CL2012465;2012-05-03;3529;39;67564
CL20211625;2021-03-15;291;6;67526
CL2015827;2015-03-06;2492;28;67487
CL2014732;2014-05-14;2788;31;67341
CL2013658;2013-07-10;3096;35;67143
CL2013595;2013-02-14;3242;36;67032
CL20171119;2017-11-14;1508;18;66931
CL2011410;2011-11-10;3704;41;66766
CL2014775;2014-10-13;2636;29;66207
CL20171108;2017-10-19;1534;18;66127
CL20211636;2021-03-24;282;6;66046
CL20181218;2018-09-19;1199;15;65698
CL20171066;2017-05-29;1677;20;65637
CL20211641;2021-04-13;262;5;65465
CL20171105;2017-10-05;1548;18;65445
CL20191351;2019-10-24;799;11;65355
CL20171122;2017-11-20;1502;18;65308
CL20191295;2019-05-16;960;13;65023
CL2012444;2012-02-02;3620;39;64882
CL20201433;2020-04-16;624;9;64704
CL20211755;2021-11-11;50;3;64638
CL20181191;2018-06-29;1281;15;64603
CL20201394;2020-01-30;701;10;64385
CL20211623;2021-03-10;296;6;64066
CL2015890;2015-09-24;2290;25;63966
CL20201388;2020-01-27;704;10;63752
CL20171052;2017-04-06;1730;20;63707
CL2016977;2016-08-26;1953;22;63687
CL20191255;2019-02-04;1061;13;63499
CL2016922;2016-02-15;2146;24;63442
CL20181197;2018-07-10;1270;15;63236
CL2012487;2012-06-19;3482;37;63152
CL2013687;2013-11-20;2963;32;63139
CL20211660;2021-05-20;225;5;63102
CL20181151;2018-02-20;1410;16;63028
CL2014785;2014-11-06;2612;28;62902
CL2013667;2013-08-29;3046;32;62849
CL20181161;2018-03-20;1382;16;62841
CL20181214;2018-08-31;1218;15;62542
CL20171073;2017-06-20;1655;19;62529
CL20171039;2017-03-03;1764;20;62252
CL20171077;2017-07-11;1634;18;62244
CL2013600;2013-02-26;3230;34;62185
CL2015842;2015-03-18;2480;27;61975
CL2010165;2010-01-26;4357;44;61912
CL20171078;2017-07-12;1633;19;61700
CL20171100;2017-09-22;1561;18;61651
CL2010189;2010-04-14;4279;43;61515
CL20211673;2021-06-18;196;5;61478
CL20211728;2021-09-20;102;4;61431
CL20211651;2021-05-07;238;5;61317
CL2010185;2010-04-05;4288;44;61161
CL20201420;2020-03-09;662;9;61017
CL2015821;2015-02-27;2499;27;60893
CL20181244;2018-12-27;1100;13;60836
CL2011305;2011-03-19;3940;41;60626
CL2016992;2016-11-01;1886;21;60376
CL20201425;2020-03-20;651;9;60130
CL2009133;2009-09-16;4489;45;60053
CL20201386;2020-01-15;716;9;59911
CL2011303;2011-03-17;3942;40;59886
CL20201556;2020-11-09;417;6;59835
CL2013626;2013-04-22;3175;33;59643
CL2012504;2012-07-20;3451;35;59584
CL2015891;2015-10-07;2277;24;59401
CL2010238;2010-10-18;4092;40;59365
CL2014749;2014-07-15;2726;28;59246
CL2015869;2015-07-17;2359;24;59192
CL2014723;2014-03-20;2843;30;59162
CL20191379;2019-12-17;745;9;58934
CL20171015;2017-01-25;1801;20;58924
CL20191247;2019-01-04;1092;13;58690
CL20171079;2017-07-13;1632;17;58604
CL2014703;2014-01-20;2902;30;58456
CL2014766;2014-09-01;2678;27;58394
CL20201460;2020-06-30;549;8;58379
CL20191347;2019-10-17;806;10;58367
CL200710;2007-04-16;5373;53;58228
CL2014750;2014-07-15;2726;27;58060
CL2014700;2014-01-06;2916;30;58008
CL20201459;2020-06-25;554;8;57816
CL20211718;2021-09-15;107;4;57789
CL2011323;2011-04-29;3899;38;57739
CL20171093;2017-08-31;1583;17;57671
CL2016971;2016-07-29;1981;21;57572
CL20191352;2019-10-24;799;10;57546
CL200998;2009-02-06;4711;46;57365
CL20211724;2021-09-18;104;3;57192
CL2012430;2012-01-12;3641;36;57162
CL2015822;2015-02-27;2499;26;56965
CL20171020;2017-02-03;1792;19;56853
CL20181202;2018-07-18;1262;14;56768
CL20171012;2017-01-05;1821;19;56584
CL20201429;2020-04-02;638;8;56571
CL2015863;2015-06-22;2384;24;56543
CL20211709;2021-08-25;128;4;56475
CL20201404;2020-02-18;682;9;56379
CL2013597;2013-02-25;3231;31;56341
CL20181230;2018-10-19;1169;13;56188
CL2012435;2012-01-26;3627;35;56176
CL20201410;2020-02-21;679;9;56006
CL2011350;2011-06-17;3850;36;55981
CL20191332;2019-09-13;840;10;55957
CL2014791;2014-11-20;2598;25;55944
CL20171106;2017-10-05;1548;16;55908
CL20191334;2019-09-16;837;10;55843
CL2010236;2010-10-08;4102;40;55824
CL20181227;2018-10-08;1180;13;55669
CL2015820;2015-02-24;2502;25;55644
CL2016934;2016-03-22;2110;21;55510
CL2013639;2013-05-10;3157;31;55464
CL20201583;2020-12-28;368;6;55423
CL20191263;2019-02-20;1045;12;55369
CL2016920;2016-02-03;2158;21;55344
CL2011369;2011-08-02;3804;37;55285
CL20181166;2018-04-03;1368;15;55107
CL20201495;2020-09-16;471;7;55062
CL20211622;2021-03-09;297;5;54953
CL2010245;2010-11-03;4076;39;54936
CL20201502;2020-09-18;469;7;54895
CL20201538;2020-10-19;438;6;54770
CL20171027;2017-02-14;1781;18;54636
CL20211736;2021-10-07;85;3;54607
CL20191370;2019-11-26;766;9;54560
CL20201443;2020-05-20;590;8;54452
CL2015845;2015-03-25;2473;25;54297
CL20181219;2018-09-19;1199;13;54152
CL2016926;2016-02-17;2144;22;54145
CL2011397;2011-09-30;3745;35;54099
CL20191261;2019-02-13;1052;11;54012
CL20201399;2020-02-13;687;9;53999
CL2011395;2011-09-27;3748;35;53968
CL20181181;2018-05-16;1325;14;53853
CL20211720;2021-09-16;106;3;53708
CL20211750;2021-11-04;57;3;53644
CL2014784;2014-11-05;2613;26;53562
CL20191280;2019-04-09;997;11;53420
CL20191380;2019-12-20;742;9;53278
CL2016919;2016-02-03;2158;22;53137
CL20181198;2018-07-10;1270;13;53132
CL2015901;2015-11-11;2242;22;52997
CL20181165;2018-03-29;1373;15;52858
CL20201436;2020-04-22;618;8;52796
CL20181168;2018-04-09;1362;15;52722
CL20211683;2021-07-16;168;4;52706
CL20191306;2019-07-02;913;11;52586
CL20191277;2019-03-28;1009;11;52451
CL20201439;2020-05-04;606;8;52317
CL2015815;2015-02-03;2523;23;52190
CL20211599;2021-02-04;330;5;52183
CL2013660;2013-07-30;3076;28;52120
CL20181212;2018-08-28;1221;12;52068
CL20201397;2020-02-07;693;9;52051
CL20211726;2021-09-18;104;3;51992
CL2011421;2011-12-12;3672;35;51920
CL2013669;2013-09-04;3040;28;51878
CL2016975;2016-08-23;1956;19;51867
CL20171133;2017-12-21;1471;15;51788
CL2013649;2013-06-06;3130;30;51658
CL2010232;2010-10-05;4105;36;51638
CL2013601;2013-02-26;3230;31;51528
CL2014757;2014-08-05;2705;26;51404
CL2013685;2013-11-18;2965;27;51299
CL20171129;2017-12-18;1474;15;51281
CL200711;2007-04-17;5372;49;51159
CL20171040;2017-03-10;1757;18;51037
CL2011412;2011-11-11;3703;35;50918
CL20191245;2019-01-02;1094;12;50798
CL20171065;2017-05-24;1682;16;50739
CL2014797;2014-12-05;2583;23;50704
CL20201466;2020-07-21;528;7;50681
CL2014800;2014-12-11;2577;23;50631
CL20181233;2018-10-26;1162;13;50563
CL2016950;2016-04-27;2074;19;50512
CL20181177;2018-04-26;1345;14;50447
CL20211607;2021-02-11;323;5;50383
CL20211691;2021-07-23;161;4;50353
CL20211604;2021-02-10;324;5;50332
CL20211775;2021-12-22;9;2;50274
CL2011315;2011-04-12;3916;36;50217
CL20171124;2017-11-29;1493;15;50102
CL2011422;2011-12-15;3669;34;49988
CL2011295;2011-02-21;3966;34;49939
CL2014755;2014-07-24;2717;26;49877
CL20191264;2019-02-25;1040;11;49765
CL20201539;2020-10-20;437;6;49656
CL2014705;2014-01-22;2900;25;49651
CL20181173;2018-04-19;1352;14;49548
CL2012539;2012-10-03;3376;29;49530
CL2012472;2012-05-28;3504;30;49441
CL2016965;2016-06-30;2010;20;49441
CL20171064;2017-05-22;1684;17;49334
CL20211675;2021-07-02;182;4;49297
CL20211674;2021-06-18;196;4;49239
CL2016969;2016-07-13;1997;20;49229
CL2016966;2016-06-30;2010;20;49126
CL20181231;2018-10-19;1169;11;49031
CL2013578;2013-01-04;3283;31;48924
CL200999;2009-02-20;4697;43;48824
CL20211682;2021-07-16;168;4;48724
CL20211611;2021-02-19;315;5;48723
CL20161000;2016-11-28;1859;18;48626
CL20171121;2017-11-17;1505;15;48528
CL2012507;2012-08-06;3434;32;48429
CL20181224;2018-09-25;1193;13;48331
CL2012553;2012-10-23;3356;28;48264
CL20201434;2020-04-17;623;8;48233
CL20181209;2018-08-23;1226;13;48140
CL20191268;2019-03-08;1029;10;48073
CL20211663;2021-05-31;214;4;48071
CL2016949;2016-04-26;2075;20;48047
CL20191330;2019-09-10;843;9;48041
CL20191374;2019-11-28;764;8;47995
CL2015828;2015-03-10;2488;24;47954
CL20201570;2020-11-26;400;5;47939
CL20211695;2021-07-28;156;3;47880
CL2011379;2011-08-25;3781;34;47862
CL2013640;2013-05-13;3154;26;47813
CL20181147;2018-01-31;1430;14;47770
CL20211654;2021-05-11;234;4;47703
CL2011413;2011-11-14;3700;34;47678
CL20211692;2021-07-26;158;3;47647
CL2009152;2009-12-03;4411;36;47628
CL20171109;2017-10-19;1534;15;47586
CL20201484;2020-08-26;492;6;47585
CL20201385;2020-01-14;717;8;47543
CL2011415;2011-11-28;3686;34;47495
CL20211715;2021-09-08;114;3;47436
CL2010214;2010-08-12;4159;38;47404
CL2014793;2014-11-24;2594;24;47316
CL20201451;2020-06-03;576;7;47254
CL2016959;2016-05-24;2047;20;47227
CL2012551;2012-10-22;3357;28;47147
CL20171080;2017-07-13;1632;16;47139
CL20171049;2017-03-17;1750;17;47051
CL20201440;2020-05-14;596;7;46964
CL2015825;2015-03-04;2494;21;46926
CL2013674;2013-10-03;3011;28;46876
CL20191372;2019-11-27;765;9;46789
CL200850;2008-03-11;5043;40;46779
CL200874;2008-08-20;4881;39;46719
CL2012496;2012-07-04;3467;32;46703
CL20211628;2021-03-17;289;4;46661
CL20201400;2020-02-13;687;8;46617
CL20171019;2017-02-01;1794;16;46610
CL2011364;2011-07-20;3817;34;46533
CL20191249;2019-01-16;1080;11;46450
CL2015880;2015-08-14;2331;20;46385
CL20201390;2020-01-28;703;8;46367
CL2014706;2014-01-22;2900;24;46310
CL2016915;2016-01-25;2167;21;46285
CL20171009;2017-01-02;1824;16;46234
CL2015851;2015-04-14;2453;23;46204
CL20181238;2018-11-28;1129;11;46130
CL20191256;2019-02-06;1059;11;46122
CL20171030;2017-02-16;1779;17;46040
CL2009139;2009-10-14;4461;40;45960
CL2016938;2016-03-31;2101;20;45879
CL2010202;2010-06-25;4207;33;45807
CL20191301;2019-06-19;926;10;45799
CL20181221;2018-09-20;1198;12;45720
CL20171014;2017-01-16;1810;15;45696
CL20201411;2020-02-26;674;8;45642
CL20191299;2019-06-12;933;9;45584
CL2012573;2012-12-19;3299;30;45565
CL20181210;2018-08-24;1225;13;45489
CL2012500;2012-07-11;3460;31;45413
CL2012541;2012-10-04;3375;27;45385
CL20181192;2018-06-29;1281;11;45350
CL20171082;2017-07-20;1625;16;45337
CL20171021;2017-02-07;1788;17;45263
CL20171063;2017-05-19;1687;16;45188
CL2012431;2012-01-16;3637;29;45186
CL20171083;2017-07-26;1619;14;45183
CL2012521;2012-08-30;3410;31;45115
CL20211680;2021-07-13;171;3;45057
CL2016942;2016-04-08;2093;20;45042
CL20201498;2020-09-17;470;5;45007
CL2012548;2012-10-15;3364;27;45005
CL20211703;2021-08-12;141;3;44989
CL20191250;2019-01-16;1080;11;44898
CL2011296;2011-02-21;3966;31;44839
CL2011423;2011-12-19;3665;33;44826
CL2011376;2011-08-19;3787;30;44809
CL2015881;2015-08-19;2326;22;44755
CL20191302;2019-06-19;926;10;44685
CL2012438;2012-01-30;3623;32;44614
CL20201481;2020-08-20;498;6;44544
CL2011380;2011-08-25;3781;34;44474
CL2009105;2009-04-28;4630;41;44404
CL2011317;2011-04-25;3903;35;44337
CL20181200;2018-07-12;1268;13;44270
CL2011271;2011-01-19;3999;35;44204
CL20191322;2019-08-20;864;8;44176
CL2012434;2012-01-19;3634;28;44170
CL2012471;2012-05-28;3504;31;44138
CL20211765;2021-12-01;30;3;44071
CL2015898;2015-10-29;2255;18;44029
CL20201479;2020-08-14;504;6;44006
CL20191266;2019-03-07;1030;11;43940
CL20171091;2017-08-25;1589;13;43936
CL20171111;2017-10-23;1530;15;43876
CL20211585;2021-01-04;361;5;43812
CL200863;2008-07-07;4925;43;43748
CL2011283;2011-02-03;3984;30;43746
CL200853;2008-04-23;5000;44;43685
CL2014730;2014-05-05;2797;25;43622
CL20191375;2019-12-02;760;9;43560
CL20171044;2017-03-15;1752;17;43498
CL2012530;2012-09-17;3392;30;43437
CL2011289;2011-02-13;3974;35;43376
CL20211620;2021-03-05;301;4;43367
CL20191323;2019-08-20;864;8;43360
CL2014746;2014-06-24;2747;25;43315
CL2012427;2012-01-03;3650;32;43254
CL20191377;2019-12-05;757;9;43193
CL2012557;2012-10-26;3353;26;43132
CL2015805;2015-01-08;2549;23;43132
CL200714;2007-05-15;5344;40;43092
CL2012432;2012-01-16;3637;28;43092
CL2013604;2013-02-27;3229;25;43092
CL20201533;2020-09-29;458;5;43092
CL20211756;2021-11-16;45;2;43092
CL20181158;2018-03-06;1396;14;43071
CL20181194;2018-07-05;1275;13;43011
CL200875;2008-09-02;4868;42;42950
CL200741;2007-12-12;5133;45;42891
CL20191251;2019-01-23;1073;11;42833
CL20161004;2016-12-07;1850;15;42815
CL20171131;2017-12-19;1473;14;42774
CL20201427;2020-03-30;641;8;42717
CL20191369;2019-11-25;767;7;42668
CL2015884;2015-09-16;2298;21;42661
CL20191246;2019-01-03;1093;11;42604
CL2012518;2012-08-27;3413;26;42602
CL20201530;2020-09-28;459;6;42547
CL20191355;2019-10-29;794;9;42491
CL20191267;2019-03-07;1030;11;42437
CL20211687;2021-07-19;165;3;42403
CL2016953;2016-05-04;2067;19;42382
CL20181148;2018-01-31;1430;12;42347
CL2010166;2010-01-28;4355;32;42343
CL20171128;2017-12-14;1478;14;42328
CL20201540;2020-10-21;436;6;42275
CL20201545;2020-10-23;434;6;42221
CL20181195;2018-07-05;1275;13;42168
CL2013592;2013-02-05;3251;24;42134
CL20201535;2020-10-13;444;5;42134
CL2013618;2013-03-22;3206;29;42115
CL20181156;2018-03-05;1397;14;42062
CL20201561;2020-11-16;410;6;42009
CL20201473;2020-07-27;522;5;41986
CL2010216;2010-08-24;4147;30;41968
CL2009130;2009-09-04;4501;39;41957
CL2011381;2011-08-30;3776;33;41904
CL20201389;2020-01-27;704;7;41888
CL20171061;2017-05-09;1697;16;41851
CL20181239;2018-12-05;1122;10;41838
CL20201572;2020-12-02;394;6;41799
CL20211653;2021-05-11;234;4;41748
CL2014743;2014-06-03;2768;21;41723
CL20191329;2019-09-10;843;9;41697
CL2012535;2012-09-26;3383;25;41684
CL20191248;2019-01-15;1081;11;41646
CL20181189;2018-06-11;1299;13;41596
CL2012484;2012-06-15;3486;31;41545
CL2013635;2013-04-30;3167;28;41495
CL20181226;2018-10-04;1184;12;41446
CL20191260;2019-02-12;1053;11;41396
CL2009106;2009-06-01;4596;40;41347
CL20201475;2020-07-28;521;7;41299
CL2011351;2011-06-17;3850;34;41251
CL20211661;2021-05-20;225;3;41214
CL20191252;2019-01-23;1073;11;41204
CL20201563;2020-11-18;408;5;41177
CL20078;2007-03-22;5398;47;41157
CL20171114;2017-10-27;1526;15;41110
CL20211642;2021-04-15;260;4;41063
CL20181162;2018-03-22;1380;14;41016
CL2012552;2012-10-23;3356;30;40971
CL2013627;2013-04-23;3174;23;40959
CL2011355;2011-06-21;3846;28;40955
CL20201426;2020-03-26;645;8;40925
CL20191361;2019-11-12;780;7;40920
CL2015907;2015-12-18;2205;17;40881
CL200845;2008-01-30;5084;44;40880
CL20181152;2018-02-20;1410;14;40836
CL2015865;2015-07-03;2373;22;40792
CL2012540;2012-10-04;3375;30;40748
CL2012550;2012-10-22;3357;30;40704
CL2011329;2011-05-03;3895;28;40698
CL20211730;2021-09-20;102;3;40698
CL2013652;2013-06-25;3111;28;40661
CL20201435;2020-04-17;623;7;40618
CL20211701;2021-08-09;144;3;40574
CL2009107;2009-06-15;4582;32;40530
CL20191318;2019-08-08;876;10;40488
CL20181146;2018-01-25;1436;11;40482
CL2014786;2014-11-06;2612;24;40445
CL2010213;2010-08-12;4159;134;40432
CL200731;2007-09-27;5209;45;40401
CL2011400;2011-10-07;3738;120;40393
CL2015886;2015-09-18;2296;78;40387
CL20171067;2017-05-30;1676;16;40359
CL20181204;2018-08-07;1242;10;40359
CL20211751;2021-11-09;52;10;40354
CL2012469;2012-05-15;3517;25;40347
CL2014787;2014-11-11;2607;88;40343
CL20201437;2020-04-29;611;7;40316
CL2015813;2015-01-30;2527;83;40315
CL2011333;2011-05-17;3881;127;40301
CL2009115;2009-07-07;4560;143;40277
CL2016952;2016-04-29;2072;19;40273
CL2013683;2013-11-13;2970;99;40260
CL2014802;2014-12-23;2565;83;40240
CL2010168;2010-02-08;4344;38;40231
CL2015844;2015-03-25;2473;84;40220
CL20201531;2020-09-28;459;5;40219
CL2013587;2013-01-29;3258;103;40203
CL20201467;2020-07-22;527;7;40189
CL2010237;2010-10-13;4097;134;40180
CL2011420;2011-12-12;3672;115;40168
CL20201483;2020-08-25;493;6;40147
CL2010218;2010-08-31;4140;136;40142
CL2011275;2011-01-31;3987;123;40133
CL20211587;2021-01-08;357;4;40106
CL20171050;2017-03-23;1744;17;40105
CL2010191;2010-04-27;4266;141;40104
CL2010196;2010-05-24;4239;130;40098
CL20211624;2021-03-15;291;16;40065
CL2010204;2010-06-30;4202;37;40064
CL2010260;2010-12-13;4036;36;40023
CL2010207;2010-07-29;4173;126;39998
CL2014760;2014-08-22;2688;93;39994
CL20201555;2020-11-06;420;6;39983
CL2010242;2010-10-23;4087;123;39965
CL2010215;2010-08-24;4147;139;39958
CL20171107;2017-10-05;1548;12;39949
CL20201430;2020-04-02;638;8;39943
CL2009113;2009-07-02;4565;153;39924
CL20181178;2018-05-02;1339;11;39904
CL20211595;2021-01-27;338;5;39903
CL2013608;2013-03-05;3223;98;39900
CL2013609;2013-03-05;3223;97;39868
CL20171041;2017-03-10;1757;17;39863
CL2012479;2012-06-08;3493;120;39856
CL20201573;2020-12-07;389;18;39835
CL20191348;2019-10-17;806;7;39831
CL20201432;2020-04-07;633;8;39824
CL2014729;2014-05-02;2800;98;39822
CL2009141;2009-10-16;4459;131;39803
CL2011416;2011-12-02;3682;127;39790
CL2011280;2011-01-31;3987;35;39784
CL2012486;2012-06-19;3482;121;39758
CL2009140;2009-10-14;4461;39;39744
CL2013622;2013-04-10;3187;95;39738
CL2011374;2011-08-16;3790;26;39728
CL200847;2008-02-20;5063;172;39726
CL20191309;2019-07-04;911;10;39705
CL20201413;2020-02-27;673;26;39705
CL2016955;2016-05-12;2059;76;39695
CL20201408;2020-02-20;680;8;39666
CL2010240;2010-10-21;4089;142;39664
CL20181234;2018-11-08;1149;9;39642
CL2014751;2014-07-16;2725;25;39627
CL2013615;2013-03-14;3214;94;39609
CL2010230;2010-09-30;4110;144;39603
CL20211631;2021-03-19;287;5;39588
CL20201578;2020-12-16;380;18;39577
CL2010229;2010-09-30;4110;144;39574
CL20201497;2020-09-17;470;6;39550
CL2014709;2014-01-29;2893;105;39545
CL2014768;2014-09-03;2676;98;39516
CL20201508;2020-09-23;464;20;39514
CL2010200;2010-06-14;4218;37;39512
CL2015870;2015-07-20;2356;88;39487
CL20201509;2020-09-23;464;20;39482
CL2010251;2010-11-12;4067;28;39479
CL20171010;2017-01-04;1822;17;39474
CL2010190;2010-04-19;4274;152;39459
CL20201510;2020-09-23;464;19;39451
CL2011330;2011-05-04;3894;35;39437
CL20181164;2018-03-27;1375;55;39431
CL20201511;2020-09-23;464;19;39419
CL2012572;2012-12-18;3300;120;39404
CL20171110;2017-10-19;1534;15;39399
CL20201512;2020-09-23;464;19;39388
CL2012571;2012-12-18;3300;121;39376
CL20211609;2021-02-17;317;5;39362
CL2010171;2010-02-23;4329;30;39358
CL200883;2008-10-07;4833;132;39357
CL2014747;2014-07-15;2726;102;39349
CL2009157;2009-12-17;4397;120;39326
CL200888;2008-11-17;4792;42;39325
CL2016944;2016-04-18;2083;80;39323
CL200884;2008-10-09;4831;175;39297
CL2010195;2010-05-13;4250;116;39295
CL20211732;2021-10-04;88;3;39289
CL2016914;2016-01-20;2172;84;39271
CL2012476;2012-06-01;3500;96;39263
CL20181169;2018-04-12;1359;14;39253
CL200852;2008-04-17;5006;182;39245
CL2012506;2012-07-25;3446;94;39232
CL2010233;2010-10-05;4105;28;39225
CL2009116;2009-07-08;4559;168;39220
CL20171018;2017-01-30;1796;17;39216
CL2012439;2012-02-01;3621;98;39202
CL2012483;2012-06-15;3486;131;39195
CL20181186;2018-05-22;1319;13;39181
CL2012440;2012-02-01;3621;98;39171
CL2012482;2012-06-15;3486;132;39170
CL20171086;2017-08-02;1612;66;39145
CL20191335;2019-09-16;837;9;39145
CL2012441;2012-02-01;3621;98;39140
CL2014704;2014-01-21;2901;112;39121
CL2009127;2009-08-13;4523;31;39117
CL20181157;2018-03-06;1396;14;39110
CL2015864;2015-06-29;2377;94;39097
CL200722;2007-07-02;5296;138;39079
CL2013696;2013-12-19;2934;27;39074
CL2014763;2014-08-25;2685;105;39073
CL20201463;2020-07-14;535;5;39070
CL2013625;2013-04-16;3181;85;39048
CL2013662;2013-07-31;3075;28;39039
CL2016928;2016-02-29;2132;59;39018
CL2015874;2015-08-03;2342;95;39004
CL20191284;2019-04-16;990;11;39003
CL20211679;2021-07-12;172;4;38968
CL20191366;2019-11-21;771;7;38963
CL2013657;2013-07-08;3098;123;38958
CL20161001;2016-11-30;1857;52;38958
CL20201566;2020-11-23;403;25;38914
CL2016916;2016-01-25;2167;20;38898
CL20181163;2018-03-23;1379;40;38897
CL2014771;2014-09-23;2656;109;38871
CL2009128;2009-08-18;4518;116;38868
CL20181159;2018-03-12;1390;14;38863
CL2012449;2012-03-01;3592;25;38856
CL2015818;2015-02-19;2507;104;38850
CL20171032;2017-02-20;1775;49;38838
CL20077;2007-03-19;5401;213;38828
CL200871;2008-08-01;4900;124;38809
CL2016983;2016-09-21;1927;83;38808
CL20181172;2018-04-18;1353;14;38795
CL2016947;2016-04-22;2079;89;38787
CL20211668;2021-06-17;197;11;38779
CL2013654;2013-07-01;3105;129;38767
CL20171123;2017-11-24;1498;15;38762
CL2010162;2010-01-13;4370;110;38750
CL2016935;2016-03-29;2103;91;38746
CL2014773;2014-09-23;2656;24;38729
CL2011274;2011-01-25;3993;164;38726
CL2014761;2014-08-22;2688;70;38721
CL20181215;2018-09-05;1213;12;38696
CL20171055;2017-04-20;1716;47;38692
CL2012452;2012-03-13;3580;150;38687
CL2010235;2010-10-08;4102;171;38667
CL2014759;2014-08-19;2691;25;38663
CL2010211;2010-08-10;4161;174;38648
CL2013598;2013-02-26;3230;82;38634
CL2011346;2011-06-13;3854;34;38630
CL2009125;2009-08-13;4523;189;38629
CL2014789;2014-11-19;2599;18;38618
CL2015879;2015-08-14;2331;103;38610
CL2011326;2011-05-03;3895;97;38605
CL2010247;2010-11-08;4071;36;38597
CL200733;2007-10-29;5177;217;38592
CL2015894;2015-10-23;2261;59;38576
CL2012485;2012-06-19;3482;150;38573
CL2012494;2012-06-29;3472;31;38565
CL2010264;2010-12-24;4025;173;38555
CL2014794;2014-11-28;2590;116;38536
CL2011324;2011-04-29;3899;35;38532
CL2009108;2009-06-16;4581;111;38519
CL2011311;2011-04-07;3921;171;38501
CL2012544;2012-10-08;3371;30;38500
CL2011392;2011-09-26;3749;92;38491
CL20211696;2021-07-28;156;3;38476
CL20201414;2020-02-27;673;8;38468
CL2012495;2012-07-03;3468;155;38465
CL20201493;2020-09-11;476;31;38448
CL20181171;2018-04-18;1353;14;38437
CL20201452;2020-06-05;574;19;38435
CL2014777;2014-10-24;2625;121;38431
CL20211655;2021-05-11;234;3;38426
CL20211657;2021-05-14;231;3;38426
CL2014783;2014-11-03;2615;121;38414
CL20211707;2021-08-24;129;9;38407
CL2013611;2013-03-05;3223;29;38405
CL2014782;2014-11-03;2615;122;38397
CL2011334;2011-05-20;3878;176;38380
CL2015876;2015-08-07;2338;59;38380
CL200720;2007-06-25;5303;47;38374
CL2010173;2010-02-25;4327;197;38363
CL2014734;2014-05-16;2786;69;38352
CL2009123;2009-07-24;4543;207;38347
CL2013656;2013-07-01;3105;28;38343
CL2010261;2010-12-15;4034;27;38338
CL2009104;2009-04-20;4638;212;38331
CL200716;2007-06-03;5325;125;38324
CL2013680;2013-10-22;2992;142;38314
CL20211705;2021-08-16;137;3;38312
CL20171048;2017-03-16;1751;13;38309
CL20211771;2021-12-16;15;2;38304
CL2016943;2016-04-15;2086;15;38300
CL20181235;2018-11-09;1148;32;38296
CL20191345;2019-10-17;806;48;38282
CL2015839;2015-03-12;2486;23;38281
CL200879;2008-09-18;4852;114;38269
CL2013673;2013-10-03;3011;145;38267
CL2013605;2013-02-28;3228;156;38251
CL20201534;2020-10-13;444;6;38250
CL2016924;2016-02-16;2145;53;38241
CL200868;2008-07-29;4903;233;38220
CL2012566;2012-11-26;3322;30;38219
CL2016925;2016-02-16;2145;53;38214
CL2011390;2011-09-20;3755;25;38205
CL2012524;2012-09-10;3399;166;38205
CL2011298;2011-02-25;3962;35;38188
CL2014803;2014-12-23;2565;62;38187
CL2014795;2014-12-03;2585;131;38174
CL2011344;2011-06-10;3857;191;38159
CL2014767;2014-09-02;2677;25;38158
CL20201428;2020-03-31;640;20;38133
CL2009112;2009-06-30;4567;226;38130
CL200848;2008-02-20;5063;45;38128
CL2013593;2013-02-13;3243;165;38115
CL2012442;2012-02-01;3621;84;38106
CL2014718;2014-02-28;2863;148;38101
CL2011402;2011-10-19;3726;34;38098
CL20171098;2017-09-21;1562;40;38079
CL20191320;2019-08-14;870;7;38065
CL2013621;2013-04-03;3194;75;38052
CL20211725;2021-09-18;104;3;38039
CL2015849;2015-03-31;2467;135;38017
CL2014717;2014-02-24;2867;26;38010
CL20191336;2019-09-18;835;24;37999
CL2012561;2012-11-20;3328;180;37990
CL2011279;2011-01-31;3987;36;37981
CL2012575;2012-12-26;3292;179;37976
CL2011320;2011-04-28;3900;89;37972
CL20191311;2019-07-19;896;59;37963
CL2009146;2009-11-24;4420;39;37952
CL2011353;2011-06-21;3846;210;37950
CL2010234;2010-10-08;4102;224;37937
CL2016946;2016-04-19;2082;122;37924
CL20171028;2017-02-14;1781;17;37924
CL2014740;2014-05-28;2774;19;37922
CL200732;2007-10-03;5203;115;37920
CL20211745;2021-10-20;72;18;37898
CL2011377;2011-08-24;3782;85;37895
CL20191325;2019-08-22;862;10;37895
CL200738;2007-12-02;5143;286;37886
CL2012574;2012-12-20;3298;75;37869
CL20191331;2019-09-13;840;60;37861
CL2011314;2011-04-12;3916;226;37848
CL200894;2008-12-26;4753;273;37836
CL2012450;2012-03-02;3591;211;37824
CL2012459;2012-04-12;3550;79;37818
CL2009121;2009-07-18;4549;266;37812
CL2016979;2016-09-01;1947;19;37811
CL2010246;2010-11-05;4074;241;37800
CL2012447;2012-02-22;3600;80;37792
CL2013616;2013-03-15;3213;195;37788
CL2013684;2013-11-13;2970;27;37784
CL200851;2008-03-27;5027;299;37776
CL2010258;2010-12-10;4039;245;37765
CL2013638;2013-05-08;3159;29;37757
CL2010209;2010-07-31;4171;255;37753
CL2010241;2010-10-23;4087;252;37742
CL2012564;2012-11-22;3326;74;37742
CL2010224;2010-09-09;4131;256;37730
CL2013634;2013-04-30;3167;29;37729
CL2010223;2010-09-09;4131;258;37719
CL2012565;2012-11-22;3326;74;37716
CL2010222;2010-09-09;4131;261;37708
CL2013588;2013-01-29;3258;30;37702
CL2010262;2010-12-17;4032;257;37697
CL2011310;2011-04-06;3922;86;37691
CL2011348;2011-06-17;3850;248;37686
CL2011339;2011-06-02;3865;251;37675
CL200859;2008-06-25;4937;106;37666
CL2011304;2011-03-18;3941;258;37664
CL2012508;2012-08-08;3432;229;37653
CL2015846;2015-03-26;2472;17;37648
CL20191274;2019-03-18;1019;11;37648
CL2011319;2011-04-28;3900;260;37642
CL2010243;2010-10-26;4084;88;37641
CL2012501;2012-07-13;3458;234;37632
CL20201560;2020-11-16;410;14;37616
CL2009111;2009-06-17;4580;310;37611
CL20211689;2021-07-20;164;28;37600
CL20181243;2018-12-21;1106;28;37592
CL2010177;2010-03-12;4312;301;37580
CL20201503;2020-09-22;465;15;37567
CL2012563;2012-11-22;3326;241;37560
CL2015810;2015-01-20;2537;190;37550
CL20171036;2017-02-22;1773;41;37543
CL20211713;2021-09-03;119;27;37540
CL2011365;2011-07-22;3815;281;37530
CL2012537;2012-10-03;3376;253;37521
CL2015808;2015-01-15;2542;56;37519
CL2010183;2010-03-24;4300;28;37515
CL200860;2008-06-25;4937;44;37514
CL20191373;2019-11-28;764;73;37511
CL2016936;2016-03-29;2103;47;37495
CL20201567;2020-11-24;402;49;37492
CL2013624;2013-04-15;3182;29;37488
CL20201485;2020-08-26;492;5;37481
CL2012577;2012-12-28;3290;260;37473
CL2014741;2014-05-29;2773;60;37471
